TAG,MODIFICATION FLAG,BIC CODE,BRANCH CODE,INSTITUTION NAME,BRANCH INFORMATION,CITY HEADING,SUBTYPE INDICATION,VALUE ADDED SERVICES,EXTRA INFO,PHYSICAL ADDRESS 1,PHYSICAL ADDRESS 2,PHYSICAL ADDRESS 3,PHYSICAL ADDRESS 4,LOCATION,COUNTRY NAME,POB NUMBER,POB LOCATION,POB COUNTRY NAME
FI,A,HLXSUSDM,XXX,Jimenez-Kline,BRANCH,South Katherine,SUPE,FINTG+,ALL,5731 Jessica Flat Apt. 859,SHOP 054,,,South Katherine,US,POB 1800,South Katherine,UNITED STATES OF AMERICA
FI,M,CNXRMXOR,XXX,Proyectos Angulo y Roybal,SHOPPING MALL,San Salma los altos,NSWB,FINSCO,PAY,Privada Arabia Saudita 198 950,,,,San Salma los altos,MX,POB 963,San Salma los altos,MEXICO
FI,M,VYZGUSOL,XXX,Carter Ltd,HQ,West Cynthia,SUPE,AIMFINTG+,ADM C4,03363 Noble Key Suite 206,SHOP 85597,,,West Cynthia,US,POB 068,West Cynthia,UNITED STATES OF AMERICA
FI,M,HUMMUSAD,XXX,Gutierrez Inc,INDUSTRIAL ESTATE,Jamesshire,NSWB,ERPFIN,ALLBRA,29620 Richardson Spring,SHOP 493,,,Jamesshire,US,POB 3771,Jamesshire,UNITED STATES OF AMERICA
FI,D,EYSCCAJ6,XXX,"Mora, Huffman and Jones",HQ,Stephenland,BEID,FINTAS,ADM C4,208 Christopher Gardens,BUILDING 514,,,Stephenland,CA,POB 67853,Stephenland,CANADA
FI,D,JTABCAOB,XXX,"Newman, Obrien and Johnson",HQ,South Stephanie,SSPA,FINTGT,DOC,247 Barr Plains,BUILDING 587,,,South Stephanie,CA,POB 054,South Stephanie,CANADA
FI,A,RZCFCAF5,XXX,"Rangel, Smith and Taylor",INDUSTRIAL ESTATE,Ashleyborough,SUPE,ERPFINTG+,CAL,466 Nelson Plaza,UNIT 6585,,,Ashleyborough,CA,POB 369,Ashleyborough,CANADA
FI,M,VOVDUSSY,XXX,"Weber, Cordova and Wang",REGIONAL OFFICE,New Cherylberg,BEID,FINSCO,DOC,5356 Rodriguez Shores,UNIT 52782,,,New Cherylberg,US,POB 52481,New Cherylberg,UNITED STATES OF AMERICA
FI,A,UVLSMXNS,XXX,Vanegas-Casanova,SHOPPING MALL,Nueva Luxemburgo,NSWB,FINTG+,ALL,"Diagonal Oaxaca 560 Edif. 223 , Depto. 195",BUILDING 783,,,Nueva Luxemburgo,MX,POB 319,Nueva Luxemburgo,MEXICO
FI,D,NAJEUSNA,XXX,Garrett and Sons,HQ,Rivasburgh,BEID,ERPFIN,ALL,633 Simpson Court,SHOP 179,,,Rivasburgh,US,POB 7021,Rivasburgh,UNITED STATES OF AMERICA
FI,A,LTWMIEQG,XXX,Wren-McGoff,SHOPPING MALL,Erica Ville,BEID,ERPFINTG+,BRA,73 Nixon Street,UNIT 88,,,Erica Ville,IE,POB 13,Erica Ville,IRELAND
FI,A,YRXQINUM,XXX,"Chowdhury, Chokshi and Gade",BRANCH,Kumbakonam,BEID,ERPFIN,ADM,"22, Varty Ganj",,,,Kumbakonam,IN,POB H.No. 114,Kumbakonam,INDIA
FI,A,KALXUS49,XXX,Lee-Vargas,BANKING DEPARTMENT,Hoffmanside,NSWB,FINTAS,ADM,5330 Bridget Plaza,BUILDING 33910,,,Hoffmanside,US,POB 65120,Hoffmanside,UNITED STATES OF AMERICA
FI,M,AJHIGBNS,XXX,"Stewart, Lucas and Chapman",REGIONAL OFFICE,Joshuamouth,SSPA,ERPFIN,BRA,"Studio 9
McDonald avenue",UNIT 33,,,Joshuamouth,GB,POB 256,Joshuamouth,GREAT BRITAIN
FI,A,DELMGBVM,XXX,"Shaw, Doyle and Smith",BRANCH,Bensonfurt,BEID,FINSCO,PAY,"Studio 3
Dorothy unions",,,,Bensonfurt,GB,POB 434,Bensonfurt,GREAT BRITAIN
FI,M,OEFYCAB1,XXX,"Flowers, Smith and Donaldson",SHOPPING MALL,Port Sarahview,NSWB,AIMFIN,ADM C4,3353 Mack Cove,SHOP 1350,,,Port Sarahview,CA,POB 686,Port Sarahview,CANADA
FI,D,BLTMUSVC,XXX,Oconnor-Wilkinson,BRANCH,East Timothy,BEID,ERPFIN,ALLBRA,75713 Lonnie Islands,BUILDING 389,,,East Timothy,US,POB 7044,East Timothy,UNITED STATES OF AMERICA
FI,D,OSLKUSBU,XXX,Rhodes Inc,REGIONAL OFFICE,Wilsonberg,SSPA,ERPFINTG+,ADM C4,08262 Smith Heights Suite 479,SHOP 353,,,Wilsonberg,US,POB 3361,Wilsonberg,UNITED STATES OF AMERICA
FI,D,KPBWCAIU,XXX,Terry-Mitchell,BANKING DEPARTMENT,South Michaelborough,SSPA,FINTGT,ALL,79022 Michael Cliffs Apt. 792,SHOP 65524,,,South Michaelborough,CA,POB 69690,South Michaelborough,CANADA
FI,D,TXCLIE75,XXX,Darcy-Hyman,SHOPPING MALL,Bronach Ville,BEID,ERPFIN,ADM,10 Kinlan Street,SHOP 62,,,Bronach Ville,IE,POB 70,Bronach Ville,IRELAND
FI,M,ZXLCGBYY,XXX,Jenkins and Sons,OFFICE,Normanside,NSWB,FIN,ALL,"Flat 38J
Davies locks",,,,Normanside,GB,POB 64,Normanside,GREAT BRITAIN
FI,M,TCGOGBYL,XXX,Phillips PLC,INDUSTRIAL ESTATE,Arnoldberg,PSPA,FINTGT,ALLBRA,0 Judith brook,UNIT 382,,,Arnoldberg,GB,POB 7,Arnoldberg,GREAT BRITAIN
FI,M,XGNIMX2S,XXX,Ureña y Aponte S.A.,BANKING DEPARTMENT,Nueva Eritrea,SSPA,FINSCO,BRA,"Retorno Perú 866 Edif. 112 , Depto. 761",,,,Nueva Eritrea,MX,POB 457,Nueva Eritrea,MEXICO
FI,A,DZUMIN14,XXX,"Viswanathan, Aggarwal and Saha",INDUSTRIAL ESTATE,Sambhal,BEID,FINTGT,ALLBRA,"042
Kanda Ganj",,,,Sambhal,IN,POB 76/359,Sambhal,INDIA
FI,A,ITZWTHXB,XXX,Kamalanon-Sooksawang,BRANCH,Charoensuksopolport,BEID,ERPFIN,ALLBRA,2051 Chawin Pine,UNIT 10071,,,Charoensuksopolport,TH,POB 95124,Charoensuksopolport,Thailand
FI,M,ZXIAIE8U,XXX,MacConnaghy-Hutchinson,SHOPPING MALL,Clare Ville,CORP,FINSCO,BRA,94 Charles Street,UNIT 09,,,Clare Ville,IE,POB 43,Clare Ville,IRELAND
FI,M,MUNMGBCU,XXX,Tucker-Taylor,INDUSTRIAL ESTATE,North Jeremymouth,SSPA,AIMFINTG+,ADM C4,"Flat 7
Daniels knolls",,,,North Jeremymouth,GB,POB 25,North Jeremymouth,GREAT BRITAIN
FI,A,AHTLIN2H,XXX,"Deep, Chacko and Sharaf",INDUSTRIAL ESTATE,Ratlam,PSPA,FINTAS,BRA,"32
Aurora Nagar",BUILDING H.No. 210,,,Ratlam,IN,POB 21/28,Ratlam,INDIA
FI,D,DCZZGBWH,XXX,Hyde-Bell,BANKING DEPARTMENT,Lake Katechester,CORP,FINTG+,ALLBRA,"Flat 07
Jack plain",SHOP 974,,,Lake Katechester,GB,POB 88,Lake Katechester,GREAT BRITAIN
FI,M,PSWAIEWK,XXX,"McElwaine, Killoughry and Gaynard",BANKING DEPARTMENT,Aimee Ville,CORP,AIMFINTG+,ADM C4,47 Duncan Street,SHOP 20,,,Aimee Ville,IE,POB 46,Aimee Ville,IRELAND
FI,M,PQYDTHEL,XXX,"Wimolnot, Losatapornpipit and Boonpungbaramee",REGIONAL OFFICE,South Pintusorn,PSPA,AIMFIN,DOC,54711 Thanatcha Dale Apt. 437,BUILDING 49311,,,South Pintusorn,TH,POB 1456,South Pintusorn,Thailand
FI,A,NAUUIEHI,XXX,"Leddy, Hussey and Lane",REGIONAL OFFICE,Roy Ville,BEID,FINSCO,ALL,44 Carlin Street,SHOP 79,,,Roy Ville,IE,POB 51,Roy Ville,IRELAND
FI,A,HGZWTH37,XXX,"Kumsoontorn, Kongsri and Prachayaroch",BANKING DEPARTMENT,North Kodchaporn,SSPA,ERPFIN,BRA,6549 Siripaiboo Spurs,UNIT 06734,,,North Kodchaporn,TH,POB 97020,North Kodchaporn,Thailand
FI,A,NIRWMXBD,XXX,Delgado y Solorzano S.A.,BANKING DEPARTMENT,San María los altos,BEID,AIMFINTG+,ADM,Pasaje Guanajuato 343 Interior 794,,,,San María los altos,MX,POB 1534,San María los altos,MEXICO
FI,M,WKPHIEQ4,XXX,"Mullaly, Dorgan and Fall",OFFICE,Charlie Ville,CORP,FINTAS,ALL,34 Rattigan Street,BUILDING 49,,,Charlie Ville,IE,POB 97,Charlie Ville,IRELAND
FI,M,SUZDTHOY,XXX,Bunlerngsri-Kongchayasukawut,BRANCH,Titipatrayunyongburgh,PSPA,FINTGT,DOC,8598 Lertsattayanusak Track Suite 064,SHOP 0593,,,Titipatrayunyongburgh,TH,POB 12746,Titipatrayunyongburgh,Thailand
FI,A,QBMHIEJV,XXX,"McAveigh, MacMonagle and Quinn",HQ,Cahir Ville,BEID,ERPFIN,ALL,93 Evans Street,,,,Cahir Ville,IE,POB 45,Cahir Ville,IRELAND
FI,D,LHIWINKX,XXX,Kumar Inc,SHOPPING MALL,Rajpur Sonarpur,CORP,FINTAS,ADM,"H.No. 30
Bahri Nagar",,,,Rajpur Sonarpur,IN,POB 54/209,Rajpur Sonarpur,INDIA
FI,M,ZCFJIEXE,XXX,O'Sheil-Shanahan,BRANCH,Serena Ville,SSPA,AIMFIN,ADM C4,52 D'Arcy Street,UNIT 35,,,Serena Ville,IE,POB 19,Serena Ville,IRELAND
FI,A,PRXOTHP3,XXX,Bunlerngsri Group,SHOPPING MALL,Port Patchaploy,PSPA,FINTG+,PAY,568 Apisara Circle Apt. 640,BUILDING 8796,,,Port Patchaploy,TH,POB 7827,Port Patchaploy,Thailand
FI,D,IUCSUS4Y,XXX,Lewis-Harris,SHOPPING MALL,West Timothychester,CORP,AIMFINTG+,PAY,52781 Jacobs Light,,,,West Timothychester,US,POB 55338,West Timothychester,UNITED STATES OF AMERICA
FI,A,QSJCTHYG,XXX,Sooksawang and Sons,HQ,North Kamolchanok,CORP,ERPFINTG+,PAY,06126 Chomsri Rapid,SHOP 3168,,,North Kamolchanok,TH,POB 029,North Kamolchanok,Thailand
FI,D,STLJGBZD,XXX,Bryan LLC,REGIONAL OFFICE,Taylorton,CORP,FIN,CAL,"Flat 54
Stephanie alley",BUILDING 9,,,Taylorton,GB,POB 7,Taylorton,GREAT BRITAIN
FI,D,QTCOMXCN,XXX,Club Colunga-Cardenas,INDUSTRIAL ESTATE,Nueva Omán,SSPA,FIN,ADM C4,Cerrada Tlaxcala 021 315,BUILDING 807,,,Nueva Omán,MX,POB 6296,Nueva Omán,MEXICO
FI,A,EMSJUSLJ,XXX,"Gonzales, Smith and Montes",SHOPPING MALL,Collinsborough,SSPA,FINTAS,ADM,11530 Christopher Shore Apt. 847,BUILDING 2115,,,Collinsborough,US,POB 9925,Collinsborough,UNITED STATES OF AMERICA
FI,A,SMBWCAX1,XXX,Whitehead LLC,BRANCH,Johnsonshire,NSWB,ERPFIN,CAL,32571 Smith Green Suite 190,UNIT 20475,,,Johnsonshire,CA,POB 752,Johnsonshire,CANADA
FI,M,UOGQIEQM,XXX,"Killoran, McCumisky and McNaboe",BRANCH,Reuben Ville,BEID,FIN,DOC,09 Mellon Street,UNIT 23,,,Reuben Ville,IE,POB 28,Reuben Ville,IRELAND
FI,D,UBMEINL9,XXX,"Sachdev, Gera and Deol",HQ,Cuttack,SSPA,FINTG+,ALL,"H.No. 41, Bhakta Circle",BUILDING 90/659,,,Cuttack,IN,POB 83/234,Cuttack,INDIA
FI,A,WEIZIN5P,XXX,Bath LLC,BRANCH,Hubli–Dharwad,PSPA,FINTG+,BRA,"H.No. 745, Handa",BUILDING 22/682,,,Hubli–Dharwad,IN,POB H.No. 753,Hubli–Dharwad,INDIA
FI,D,YZNUUSFA,XXX,Turner-Ashley,SHOPPING MALL,Keithchester,CORP,ERPFIN,ADM,70859 Gibson Throughway Apt. 897,BUILDING 1152,,,Keithchester,US,POB 5447,Keithchester,UNITED STATES OF AMERICA
FI,D,TPATTHZJ,XXX,Sittisaowapak-Kitprapa,HQ,Port Supasitaland,NSWB,FINTAS,ALL,43460 Lertsattayanusak Greens Apt. 431,SHOP 76850,,,Port Supasitaland,TH,POB 2665,Port Supasitaland,Thailand
FI,D,NQDNUSJO,XXX,"Adkins, Doyle and Jackson",BANKING DEPARTMENT,East Herbert,BEID,AIMFIN,ADM,2270 Soto Forest,BUILDING 41948,,,East Herbert,US,POB 6843,East Herbert,UNITED STATES OF AMERICA
FI,D,YVVPGBUJ,XXX,Lane Ltd,SHOPPING MALL,Tracyville,BEID,AIMFIN,ALLBRA,"Studio 49
Linda crescent",UNIT 5,,,Tracyville,GB,POB 718,Tracyville,GREAT BRITAIN
FI,A,ZHKQUSQQ,XXX,Hughes-Owen,BRANCH,West Traci,SUPE,FINTG+,ADM C4,56227 Brown Mills Apt. 294,BUILDING 020,,,West Traci,US,POB 9003,West Traci,UNITED STATES OF AMERICA
FI,D,PHNSUSK7,XXX,Campbell-James,REGIONAL OFFICE,East Danielle,NSWB,AIMFINTG+,ALL,812 David Trail Suite 052,BUILDING 216,,,East Danielle,US,POB 232,East Danielle,UNITED STATES OF AMERICA
FI,D,FVTOUSWX,XXX,Lawson-Nielsen,OFFICE,Tanyaberg,SSPA,FINSCO,DOC,07210 Harper Keys Suite 675,SHOP 1733,,,Tanyaberg,US,POB 58333,Tanyaberg,UNITED STATES OF AMERICA
FI,M,FULQINHF,XXX,Venkatesh and Sons,OFFICE,Gudivada,NSWB,AIMFINTG+,ADM C4,"H.No. 74, Khare Zila",SHOP 32/79,,,Gudivada,IN,POB 54/38,Gudivada,INDIA
FI,M,WCXZCAMJ,XXX,"Wilson, Brady and Phillips",OFFICE,Mitchellstad,CORP,FINTAS,DOC,8535 Nelson Mission Apt. 952,SHOP 1442,,,Mitchellstad,CA,POB 01233,Mitchellstad,CANADA
FI,M,FCYHCAEI,XXX,"Simpson, Stephens and Meyer",SHOPPING MALL,Lake Jean,CORP,ERPFINTG+,ADM C4,948 Flynn Lane,BUILDING 888,,,Lake Jean,CA,POB 0127,Lake Jean,CANADA
FI,A,FWKRMX2B,XXX,Club Pabón-Guevara,OFFICE,Nueva República Federal Democrática de Nepal,PSPA,AIMFINTG+,ALL,Cerrada Sur Arenas 658 692,UNIT 0816,,,Nueva República Federal Democrática de Nepal,MX,POB 51741,Nueva República Federal Democrática de Nepal,MEXICO
FI,D,MCWCIE8N,XXX,Riordan-Cross,BRANCH,Sarah-Louise Ville,SUPE,FINTAS,ALLBRA,32 McCafferty Street,,,,Sarah-Louise Ville,IE,POB 93,Sarah-Louise Ville,IRELAND
FI,A,RNAIMXLC,XXX,"Mateo, Casárez y Medrano",OFFICE,Vieja Argentina,NSWB,FINSCO,CAL,Retorno Norte Beltrán 103 552,BUILDING 9778,,,Vieja Argentina,MX,POB 379,Vieja Argentina,MEXICO
FI,A,APXDGBO5,XXX,"Hunt, Whitehouse and Elliott",BANKING DEPARTMENT,New Mariachester,BEID,FINSCO,BRA,96 Colin dale,,,,New Mariachester,GB,POB 601,New Mariachester,GREAT BRITAIN
FI,M,MWXJMXC0,XXX,Club Chavarría-Cintrón,BRANCH,San Josefina de la Montaña,PSPA,FINTGT,DOC,"Boulevard de la Crúz 276 Edif. 125 , Depto. 786",BUILDING 363,,,San Josefina de la Montaña,MX,POB 8594,San Josefina de la Montaña,MEXICO
FI,M,IECUGBT6,XXX,Richards-Holden,BRANCH,Stephenmouth,SSPA,FINTGT,CAL,119 Wall harbor,,,,Stephenmouth,GB,POB 960,Stephenmouth,GREAT BRITAIN
FI,D,SCTTMXZI,XXX,Roque y Asociados,HQ,Vieja Kazajstán,BEID,FINSCO,ADM C4,Prolongación Peralta 632 Interior 474,,,,Vieja Kazajstán,MX,POB 714,Vieja Kazajstán,MEXICO
FI,A,OQXHIETL,XXX,"D'Arcy, Lavelle and Whyte",OFFICE,Gary Ville,NSWB,AIMFINTG+,DOC,85 Skivington Street,,,,Gary Ville,IE,POB 50,Gary Ville,IRELAND
FI,A,FMFCIN0N,XXX,Raja Ltd,SHOPPING MALL,Secunderabad,SSPA,AIMFIN,ALLBRA,"52/099
Sehgal Circle",,,,Secunderabad,IN,POB H.No. 181,Secunderabad,INDIA
FI,M,YUEVMX62,XXX,Industrias Domínguez y Aragón,REGIONAL OFFICE,San Eloisa de la Montaña,BEID,FINTAS,ADM,Peatonal Norte Cordero 756 132,SHOP 3367,,,San Eloisa de la Montaña,MX,POB 096,San Eloisa de la Montaña,MEXICO
FI,D,CHTWUSKI,XXX,"Norris, Wagner and Owens",HQ,Kristiville,PSPA,FINSCO,BRA,4091 Kyle Station Apt. 329,,,,Kristiville,US,POB 287,Kristiville,UNITED STATES OF AMERICA
FI,A,VBFETHBU,XXX,Sittisaowapak-Methavorakul,BANKING DEPARTMENT,South Suwijuk,BEID,ERPFINTG+,ADM,8719 Pattamon Point Apt. 099,UNIT 94022,,,South Suwijuk,TH,POB 6770,South Suwijuk,Thailand
FI,A,FQTPCASQ,XXX,Smith LLC,SHOPPING MALL,Matthewville,BEID,AIMFINTG+,ADM C4,157 Ross Walks Apt. 492,BUILDING 37318,,,Matthewville,CA,POB 8633,Matthewville,CANADA
FI,M,FAORTHST,XXX,"Todsapornpitakul, Tianvarich and Permchart",BRANCH,Pannawichbury,SSPA,FINSCO,ADM C4,08503 Todsapornpitakul Ways,BUILDING 820,,,Pannawichbury,TH,POB 09866,Pannawichbury,Thailand
FI,D,KENXUSUT,XXX,Chung LLC,BRANCH,South Matthewland,BEID,FINTG+,CAL,3706 Julian Causeway Apt. 497,BUILDING 57318,,,South Matthewland,US,POB 88753,South Matthewland,UNITED STATES OF AMERICA
FI,D,DRQZTHEA,XXX,"Thantananont, Choeychuen and Prayoonhong",BANKING DEPARTMENT,Atittown,PSPA,FINTG+,ADM,316 Kitprapa Roads Suite 232,SHOP 114,,,Atittown,TH,POB 3545,Atittown,Thailand
FI,M,KTICUS3O,XXX,Coleman-Burke,INDUSTRIAL ESTATE,East Markville,CORP,ERPFINTG+,PAY,86770 Proctor Shoal,SHOP 934,,,East Markville,US,POB 488,East Markville,UNITED STATES OF AMERICA
FI,D,WSTQGBGD,XXX,"Smith, Davey and Gibbons",SHOPPING MALL,East Julieburgh,PSPA,FINSCO,ALLBRA,"Studio 1
Roberts cape",BUILDING 339,,,East Julieburgh,GB,POB 08,East Julieburgh,GREAT BRITAIN
FI,M,ABGCUSC0,XXX,Kirby-Perry,BANKING DEPARTMENT,Reyesmouth,NSWB,FINTGT,ADM C4,77887 Evan Parkways,BUILDING 3566,,,Reyesmouth,US,POB 8213,Reyesmouth,UNITED STATES OF AMERICA
FI,M,JCBACAIB,XXX,"Brown, Arias and Lester",BANKING DEPARTMENT,Kennethberg,PSPA,FINSCO,CAL,173 Riley Burgs,UNIT 859,,,Kennethberg,CA,POB 891,Kennethberg,CANADA
FI,A,LXFTGBGS,XXX,Hussain-Brown,HQ,Kimton,CORP,FINTGT,PAY,15 Natalie trace,SHOP 26,,,Kimton,GB,POB 380,Kimton,GREAT BRITAIN
FI,D,IPQYIN98,XXX,Bahri-Tank,BANKING DEPARTMENT,Moradabad,NSWB,ERPFIN,ADM,"254
Kumer Ganj",UNIT 44/77,,,Moradabad,IN,POB 41/24,Moradabad,INDIA
FI,D,QVSAIN6J,XXX,Ramesh-Kapadia,HQ,Jalgaon,NSWB,FINSCO,BRA,"82/28, Shroff Circle",SHOP 05/07,,,Jalgaon,IN,POB 59/193,Jalgaon,INDIA
FI,A,EBPJIEAU,XXX,McKeever-Hession,INDUSTRIAL ESTATE,Billie-Jo Ville,SSPA,AIMFINTG+,CAL,94 McBrien Street,UNIT 28,,,Billie-Jo Ville,IE,POB 20,Billie-Jo Ville,IRELAND
FI,M,SLXNUS5H,XXX,"Haynes, Rivers and Brown",BANKING DEPARTMENT,East Staceyshire,SUPE,FIN,DOC,11096 Stanley Cape,,,,East Staceyshire,US,POB 579,East Staceyshire,UNITED STATES OF AMERICA
FI,M,PLNOGBX7,XXX,Blackburn-Martin,HQ,New Nicole,SUPE,FINSCO,ALLBRA,2 Wilson knoll,,,,New Nicole,GB,POB 59,New Nicole,GREAT BRITAIN
FI,A,JZZEGBGF,XXX,Rahman-Lee,BRANCH,Port Royhaven,SUPE,FINSCO,ALLBRA,450 Simpson forks,BUILDING 3,,,Port Royhaven,GB,POB 4,Port Royhaven,GREAT BRITAIN
FI,D,RUNCIEVE,XXX,Berney-Keaney,REGIONAL OFFICE,Ben Ville,NSWB,FINSCO,ALL,57 MacMorrow Street,SHOP 02,,,Ben Ville,IE,POB 84,Ben Ville,IRELAND
FI,M,PPSAGBPA,XXX,Kelly-Mills,OFFICE,South Chloeton,PSPA,ERPFINTG+,DOC,"Studio 64
Turner canyon",UNIT 76,,,South Chloeton,GB,POB 560,South Chloeton,GREAT BRITAIN
FI,D,DAOLCAH6,XXX,Wheeler and Sons,SHOPPING MALL,Elizabethbury,PSPA,AIMFINTG+,CAL,98300 Lynch Fork Suite 157,UNIT 769,,,Elizabethbury,CA,POB 5893,Elizabethbury,CANADA
FI,D,VGBBCA66,XXX,Lambert-Drake,HQ,Lake Jessicafort,CORP,FINTGT,ADM,43393 Julie Underpass,UNIT 67445,,,Lake Jessicafort,CA,POB 969,Lake Jessicafort,CANADA
FI,D,PWURCAJO,XXX,"Hall, Avila and Willis",HQ,Lake Betty,NSWB,FINTG+,ADM,3008 King Land,SHOP 40216,,,Lake Betty,CA,POB 371,Lake Betty,CANADA
FI,D,YIXETHC8,XXX,Lertsattayanusak-Sittisaowapak,INDUSTRIAL ESTATE,East Chayapattown,SUPE,FIN,ALLBRA,354 Kumsoontorn Station,,,,East Chayapattown,TH,POB 945,East Chayapattown,Thailand
FI,D,FMLPTHF3,XXX,"Chomsri, Choeychuen and Benchapatranon",HQ,New Teetatmouth,BEID,ERPFINTG+,PAY,9710 Kamalanon Radial Apt. 824,BUILDING 27603,,,New Teetatmouth,TH,POB 06296,New Teetatmouth,Thailand
FI,A,ZXZBGBQP,XXX,Ali Ltd,BANKING DEPARTMENT,West Patriciamouth,BEID,FIN,CAL,4 Molly ferry,UNIT 49,,,West Patriciamouth,GB,POB 52,West Patriciamouth,GREAT BRITAIN
FI,D,QRSPINW1,XXX,"Kaur, Hora and Sastry",BANKING DEPARTMENT,Burhanpur,NSWB,FINTGT,ADM,"982, Hegde Road",SHOP H.No. 275,,,Burhanpur,IN,POB 39/873,Burhanpur,INDIA
FI,A,EJRSIE2P,XXX,McDonagh-O'Brazil,SHOPPING MALL,Alan Ville,CORP,FIN,ADM,64 Victory Street,BUILDING 43,,,Alan Ville,IE,POB 90,Alan Ville,IRELAND
FI,M,XSGKGBHK,XXX,Carter and Sons,HQ,West Francis,BEID,FINSCO,CAL,"Studio 02
Gareth park",UNIT 49,,,West Francis,GB,POB 38,West Francis,GREAT BRITAIN
FI,D,OQAMGB0E,XXX,Long-Simmons,INDUSTRIAL ESTATE,Jessicashire,SUPE,FINTG+,PAY,"Flat 73U
Dean prairie",SHOP 33,,,Jessicashire,GB,POB 91,Jessicashire,GREAT BRITAIN
FI,A,ALUHCAB8,XXX,"Robinson, Mckinney and Morales",OFFICE,South Christopher,SSPA,FINTG+,ADM,19641 Marissa Park,,,,South Christopher,CA,POB 4385,South Christopher,CANADA
FI,D,VAEFTH9F,XXX,Permchart-Bunlerngsri,BANKING DEPARTMENT,Bunlupongview,SSPA,FINTGT,ALL,8587 Anon Club Apt. 403,BUILDING 3111,,,Bunlupongview,TH,POB 352,Bunlupongview,Thailand
FI,D,ZJKCGBZ9,XXX,Walker LLC,BRANCH,North Mohammedmouth,PSPA,FIN,ADM,"Flat 30a
Sian club",UNIT 5,,,North Mohammedmouth,GB,POB 2,North Mohammedmouth,GREAT BRITAIN
FI,A,SWEVCAWI,XXX,"Lee, Chaney and Merritt",OFFICE,East Kristopher,SSPA,ERPFINTG+,DOC,972 Hines Key,BUILDING 5350,,,East Kristopher,CA,POB 27293,East Kristopher,CANADA
FI,A,VZYGUSTB,XXX,Stewart PLC,OFFICE,Port William,BEID,AIMFIN,DOC,227 Marsh Plaza Suite 504,BUILDING 255,,,Port William,US,POB 0080,Port William,UNITED STATES OF AMERICA
FI,D,WYHWUSSB,XXX,Stanton and Sons,BANKING DEPARTMENT,North Jasonton,CORP,FINTAS,BRA,019 George Summit Apt. 316,BUILDING 70266,,,North Jasonton,US,POB 1489,North Jasonton,UNITED STATES OF AMERICA
FI,M,UFQKCAOT,XXX,Bailey-Reese,REGIONAL OFFICE,East Isaac,SUPE,FINTGT,DOC,82743 Rachel Radial Apt. 483,BUILDING 494,,,East Isaac,CA,POB 76642,East Isaac,CANADA
FI,D,DIPNTHGR,XXX,Pitanuwat and Sons,REGIONAL OFFICE,Lake Pakfort,BEID,FINTGT,PAY,27894 Supasita Prairie,BUILDING 3066,,,Lake Pakfort,TH,POB 32339,Lake Pakfort,Thailand
FI,M,OZRHTHO5,XXX,"Pikatsingkorn, Neerachapong and Vinyuvanichkul",OFFICE,East Tunradeestad,SUPE,FINTGT,BRA,859 Parin Islands Apt. 019,UNIT 94724,,,East Tunradeestad,TH,POB 557,East Tunradeestad,Thailand
FI,A,CXWGIEIA,XXX,Goulden PLC,HQ,Cameron Ville,SSPA,FIN,ALLBRA,97 Fall Street,BUILDING 46,,,Cameron Ville,IE,POB 13,Cameron Ville,IRELAND
FI,A,XTIZTHBF,XXX,"Sujjaboriboon, Prachayaroch and Chaihirankarn",HQ,Port Suvakit,NSWB,AIMFINTG+,ADM C4,615 Nutcha Crossing Suite 967,UNIT 9664,,,Port Suvakit,TH,POB 49435,Port Suvakit,Thailand
FI,A,KFFZINYP,XXX,"Taneja, Divan and Batra",SHOPPING MALL,Bareilly,CORP,FIN,ALL,"H.No. 039
Sankar Chowk",,,,Bareilly,IN,POB 11/811,Bareilly,INDIA
FI,A,IEKXTHVY,XXX,Todsapornpitakul-Boonpungbaramee,INDUSTRIAL ESTATE,Sukhenaiborough,BEID,ERPFINTG+,BRA,35859 Wasin Brook,,,,Sukhenaiborough,TH,POB 2669,Sukhenaiborough,Thailand
FI,A,UJVWGBLD,XXX,"Watson, Parker and Smith",REGIONAL OFFICE,East Christianshire,CORP,AIMFIN,CAL,8 Ross canyon,BUILDING 759,,,East Christianshire,GB,POB 9,East Christianshire,GREAT BRITAIN
FI,A,HUKPTH8Z,XXX,"Methavorakul, Vethayasas and Kongsri",HQ,Phenphitchachester,CORP,AIMFINTG+,PAY,7594 Yada Run Suite 098,UNIT 28988,,,Phenphitchachester,TH,POB 40036,Phenphitchachester,Thailand
FI,A,XIFWIE38,XXX,O'Reilly Ltd,INDUSTRIAL ESTATE,Kristina Ville,PSPA,FIN,ALLBRA,51 Deehan Street,,,,Kristina Ville,IE,POB 05,Kristina Ville,IRELAND
FI,D,RQPHINU5,XXX,Jhaveri-Wadhwa,REGIONAL OFFICE,Bhiwandi,CORP,FINTG+,CAL,"57/636
Bora Nagar",BUILDING 37/250,,,Bhiwandi,IN,POB 79/90,Bhiwandi,INDIA
FI,A,FFXOMXO7,XXX,"Jasso, Aragón y Vargas",OFFICE,San Germán de la Montaña,NSWB,FINTGT,ALLBRA,Circunvalación Tlaxcala 280 Interior 059,BUILDING 44157,,,San Germán de la Montaña,MX,POB 47784,San Germán de la Montaña,MEXICO
FI,A,NWLSCAT7,XXX,Scott-Carter,BRANCH,Salaston,PSPA,FINTGT,PAY,521 Laurie Coves Apt. 235,UNIT 72929,,,Salaston,CA,POB 80649,Salaston,CANADA
FI,D,AOQTUS0F,XXX,Morse and Sons,REGIONAL OFFICE,Michaelville,SUPE,ERPFINTG+,ALLBRA,090 Paula Path,SHOP 08277,,,Michaelville,US,POB 402,Michaelville,UNITED STATES OF AMERICA
FI,D,VKHBTHRS,XXX,"Krittayanukoon, Sittisaowapak and Prachayaroch",BRANCH,North Teetat,BEID,FINTGT,BRA,26366 Prima Parkway,SHOP 1369,,,North Teetat,TH,POB 78909,North Teetat,Thailand
FI,M,ZAOOTH9G,XXX,Kongsri-Methavorakul,BANKING DEPARTMENT,Lake Prames,CORP,FIN,ADM C4,7279 Yada Loaf,BUILDING 08970,,,Lake Prames,TH,POB 7863,Lake Prames,Thailand
FI,A,VFMQCAMI,XXX,Green-Richardson,REGIONAL OFFICE,West Natalietown,NSWB,FINTG+,PAY,501 Harris Avenue,SHOP 95747,,,West Natalietown,CA,POB 0854,West Natalietown,CANADA
FI,D,FYOAINJS,XXX,Bassi Ltd,INDUSTRIAL ESTATE,Raichur,PSPA,FINTG+,ALLBRA,"93/26, Ramanathan Ganj",,,,Raichur,IN,POB H.No. 563,Raichur,INDIA
FI,M,YKIUMXLE,XXX,Pichardo y Montaño e Hijos,INDUSTRIAL ESTATE,Vieja Etiopía,NSWB,AIMFIN,PAY,Calzada Austria 102 Interior 492,BUILDING 64553,,,Vieja Etiopía,MX,POB 29708,Vieja Etiopía,MEXICO
FI,A,WPVLTHYK,XXX,"Sujjaboriboon, Kongchayasukawut and Wannapaitoonsri",SHOPPING MALL,Kongsrichester,BEID,ERPFIN,ALLBRA,28805 Benchapatranon Field Apt. 289,UNIT 61189,,,Kongsrichester,TH,POB 6557,Kongsrichester,Thailand
FI,M,JDKBCADQ,XXX,Patterson-Chambers,REGIONAL OFFICE,Walkerfurt,SSPA,FINTG+,ALL,626 Reginald Mill,SHOP 16282,,,Walkerfurt,CA,POB 10082,Walkerfurt,CANADA
FI,M,DAIKCAGK,XXX,Francis-Donaldson,INDUSTRIAL ESTATE,Josephstad,NSWB,FIN,BRA,18208 Shields Ports Apt. 318,SHOP 42144,,,Josephstad,CA,POB 57230,Josephstad,CANADA
FI,M,YFFCGB5A,XXX,Adams-Dobson,BRANCH,Port Lindseyfurt,SSPA,AIMFIN,ADM C4,0 Williams stream,,,,Port Lindseyfurt,GB,POB 01,Port Lindseyfurt,GREAT BRITAIN
FI,A,STRICAA0,XXX,Neal-Johnson,BRANCH,East Jamestown,BEID,AIMFINTG+,BRA,6828 Teresa Ports Suite 953,,,,East Jamestown,CA,POB 4929,East Jamestown,CANADA
FI,D,ADIAMXED,XXX,Godínez-Escobar,OFFICE,Vieja Suecia,SSPA,ERPFINTG+,ALL,Pasaje Fonseca 020 692,BUILDING 3595,,,Vieja Suecia,MX,POB 11139,Vieja Suecia,MEXICO
FI,A,MDWICAQA,XXX,"Porter, Byrd and Duncan",BANKING DEPARTMENT,Port Brianmouth,CORP,FIN,ADM,5426 James River Apt. 821,BUILDING 6827,,,Port Brianmouth,CA,POB 030,Port Brianmouth,CANADA
FI,A,DKBVCAVR,XXX,Sheppard-Williams,SHOPPING MALL,Markfurt,CORP,ERPFIN,DOC,1767 Paul Tunnel,,,,Markfurt,CA,POB 9757,Markfurt,CANADA
FI,M,OUXBIEPY,XXX,"Keaveny, Fielding and Lyons",BRANCH,Julie-Anne Ville,BEID,FINTG+,PAY,81 O'Haughey Street,,,,Julie-Anne Ville,IE,POB 51,Julie-Anne Ville,IRELAND
FI,A,ESNXUSOJ,XXX,Hall-Lewis,REGIONAL OFFICE,New Kimberlychester,PSPA,AIMFIN,BRA,40528 Leonard Oval,UNIT 82594,,,New Kimberlychester,US,POB 358,New Kimberlychester,UNITED STATES OF AMERICA
FI,D,QGFATHIQ,XXX,"Srisoontorn, Siripaiboo and Wannapaitoonsri",BRANCH,New Thanatchabury,PSPA,FIN,DOC,53070 Phenphitcha Forges Suite 187,BUILDING 281,,,New Thanatchabury,TH,POB 15606,New Thanatchabury,Thailand
FI,A,LQMKUSSO,XXX,Richards LLC,REGIONAL OFFICE,Alexanderberg,PSPA,FINTG+,ALLBRA,776 Stacey Row,,,,Alexanderberg,US,POB 191,Alexanderberg,UNITED STATES OF AMERICA
FI,D,TCSFIN2D,XXX,Ratta LLC,OFFICE,Mango,CORP,AIMFINTG+,CAL,"63/34, Kota",UNIT H.No. 22,,,Mango,IN,POB 56,Mango,INDIA
FI,M,BAOGIELM,XXX,Lydon Group,HQ,Christy Ville,CORP,FINTG+,CAL,82 Durnan Street,SHOP 38,,,Christy Ville,IE,POB 19,Christy Ville,IRELAND
FI,A,DALCGB62,XXX,"Farrell, Kelly and Smith",INDUSTRIAL ESTATE,Port Martynside,PSPA,AIMFINTG+,PAY,"Studio 79
Joan mall",,,,Port Martynside,GB,POB 6,Port Martynside,GREAT BRITAIN
FI,A,OUFBCAF9,XXX,Peters PLC,INDUSTRIAL ESTATE,East Carlos,CORP,AIMFIN,ADM,615 Jackson Heights,,,,East Carlos,CA,POB 220,East Carlos,CANADA
FI,A,MTCNTHCB,XXX,Bunlerngsri-Phusilarungrueng,BANKING DEPARTMENT,Yadafort,PSPA,ERPFIN,ALL,09915 Turongkinanon Overpass,BUILDING 9683,,,Yadafort,TH,POB 5432,Yadafort,Thailand
FI,D,DVREIET2,XXX,Monagle PLC,OFFICE,Natasha Ville,SSPA,FINTAS,ALL,14 Jordan Street,BUILDING 57,,,Natasha Ville,IE,POB 17,Natasha Ville,IRELAND
FI,D,KSFATHXK,XXX,"Suraprasert, Chaisatit and Youprasert",BANKING DEPARTMENT,West Atit,NSWB,AIMFINTG+,ALL,02147 Sooksawang Courts,BUILDING 556,,,West Atit,TH,POB 10532,West Atit,Thailand
FI,D,RFXFIERB,XXX,Cally-Stephenson,SHOPPING MALL,Aoibhin Ville,SSPA,AIMFIN,PAY,68 Kermody Street,SHOP 50,,,Aoibhin Ville,IE,POB 78,Aoibhin Ville,IRELAND
FI,M,AHVEMXP5,XXX,"Despacho Heredia, Calderón y Farías",OFFICE,Vieja Bahrein,SUPE,AIMFINTG+,ADM,"Andador Chad 811 Edif. 148 , Depto. 720",BUILDING 653,,,Vieja Bahrein,MX,POB 313,Vieja Bahrein,MEXICO
FI,M,PNYGINB9,XXX,Seshadri-Mangal,HQ,Surat,CORP,ERPFIN,ADM C4,"H.No. 528, Chauhan Zila",SHOP 61,,,Surat,IN,POB 03/72,Surat,INDIA
FI,A,SOMMGB3Z,XXX,Campbell PLC,BANKING DEPARTMENT,East Scotthaven,NSWB,ERPFIN,CAL,"Studio 0
Thomas square",,,,East Scotthaven,GB,POB 5,East Scotthaven,GREAT BRITAIN
FI,M,IMHRMXKQ,XXX,"Aranda, Alvarez y Delgadillo",BANKING DEPARTMENT,Vieja Somalia,PSPA,FINSCO,ADM C4,Andador Sur Quiroz 200 308,SHOP 80416,,,Vieja Somalia,MX,POB 810,Vieja Somalia,MEXICO
FI,M,TVFVGBQO,XXX,Gregory-Johnson,SHOPPING MALL,Conorborough,BEID,FINTGT,DOC,"Flat 06v
Watkins springs",UNIT 4,,,Conorborough,GB,POB 4,Conorborough,GREAT BRITAIN
FI,D,HKTUTH7P,XXX,Losatapornpipit-Neerachapong,BRANCH,North Patcharaporn,SUPE,FINTGT,PAY,07017 Pongpanitch Field Suite 131,SHOP 58442,,,North Patcharaporn,TH,POB 792,North Patcharaporn,Thailand
FI,A,AYZLCA7F,XXX,Perry-Burch,SHOPPING MALL,South Timothy,PSPA,AIMFINTG+,ADM,8956 Price Fork Apt. 044,BUILDING 39322,,,South Timothy,CA,POB 2458,South Timothy,CANADA
FI,M,KSQUUSDB,XXX,Anderson and Sons,REGIONAL OFFICE,Jonesberg,SSPA,ERPFINTG+,DOC,478 Gabriel Motorway,UNIT 65816,,,Jonesberg,US,POB 05381,Jonesberg,UNITED STATES OF AMERICA
FI,M,XQIBINGE,XXX,Dutta-Sahota,OFFICE,Proddatur,NSWB,AIMFIN,CAL,"10/29
Chada Street",UNIT 375,,,Proddatur,IN,POB 899,Proddatur,INDIA
FI,M,HCSRINJD,XXX,"Dugar, Kanda and Buch",BANKING DEPARTMENT,Varanasi,CORP,ERPFIN,ADM C4,"09/62, Mandal Street",BUILDING 48/81,,,Varanasi,IN,POB 765,Varanasi,INDIA
FI,M,ICLNMXMU,XXX,Estévez y Tafoya y Asociados,HQ,San Jerónimo de la Montaña,CORP,AIMFINTG+,ADM C4,Continuación Sur Quintanilla 223 Interior 637,,,,San Jerónimo de la Montaña,MX,POB 13511,San Jerónimo de la Montaña,MEXICO
FI,M,MAACMX8F,XXX,Guerra-Mateo S.C.,OFFICE,San Gabriela los bajos,SSPA,AIMFIN,ALLBRA,Ampliación Mendoza 995 244,BUILDING 3412,,,San Gabriela los bajos,MX,POB 6884,San Gabriela los bajos,MEXICO
FI,A,XXHWUSIE,XXX,Wiley PLC,BRANCH,Kathrynmouth,CORP,FINTGT,BRA,47370 Bender Village,SHOP 463,,,Kathrynmouth,US,POB 7254,Kathrynmouth,UNITED STATES OF AMERICA
FI,D,WZUPIE2Y,XXX,Dever PLC,BANKING DEPARTMENT,India Ville,NSWB,FINTGT,PAY,74 Fahy Street,BUILDING 07,,,India Ville,IE,POB 31,India Ville,IRELAND
FI,D,HNWSIEQ2,XXX,"Clune, Burchill and Scully",INDUSTRIAL ESTATE,Eryn Ville,PSPA,AIMFINTG+,CAL,81 Hasty Street,,,,Eryn Ville,IE,POB 04,Eryn Ville,IRELAND
FI,A,MRCOIN86,XXX,Sheth LLC,OFFICE,Bhiwani,NSWB,FINTG+,CAL,"H.No. 969
Sant Zila",UNIT 747,,,Bhiwani,IN,POB 82/347,Bhiwani,INDIA
FI,A,YCDSCAZD,XXX,Ortiz-Lewis,BANKING DEPARTMENT,Josephville,SUPE,FINSCO,BRA,320 Terrell Dam Apt. 835,UNIT 286,,,Josephville,CA,POB 7743,Josephville,CANADA
FI,A,HHDXMX75,XXX,"Ávila, Navarro y Cortez",BANKING DEPARTMENT,San Karina de la Montaña,SSPA,FINTAS,ALLBRA,"Peatonal Campeche 814 Edif. 606 , Depto. 814",,,,San Karina de la Montaña,MX,POB 39918,San Karina de la Montaña,MEXICO
FI,M,TOUVMXIP,XXX,Despacho Zamudio y Casares,OFFICE,Vieja Vanuatu,BEID,FINTAS,ADM,Circuito Norte Montenegro 853 Interior 675,SHOP 4487,,,Vieja Vanuatu,MX,POB 7999,Vieja Vanuatu,MEXICO
FI,M,VFCXINMB,XXX,Kar and Sons,BRANCH,Khandwa,PSPA,FINTG+,ADM C4,"H.No. 50
Vaidya Ganj",,,,Khandwa,IN,POB 84/847,Khandwa,INDIA
FI,M,MMGDINWB,XXX,Dar Ltd,HQ,Gorakhpur,CORP,FINTAS,ADM C4,"60/93
Sunder Zila",SHOP 07/29,,,Gorakhpur,IN,POB 87,Gorakhpur,INDIA
FI,D,KYYSIEO1,XXX,"Bowe, Freeley and Steward",BANKING DEPARTMENT,Morgan Ville,NSWB,FINSCO,ADM C4,65 Ruane Street,BUILDING 81,,,Morgan Ville,IE,POB 06,Morgan Ville,IRELAND
FI,D,GVMGMXB0,XXX,de la Torre-Cavazos S.A.,HQ,San Santiago los bajos,PSPA,AIMFINTG+,DOC,Eje vial Norte Fierro 771 871,,,,San Santiago los bajos,MX,POB 49014,San Santiago los bajos,MEXICO
FI,M,WERGUSVB,XXX,"Villarreal, Santos and Torres",BRANCH,North Cathy,SUPE,ERPFIN,ALL,168 James Forest,BUILDING 140,,,North Cathy,US,POB 56971,North Cathy,UNITED STATES OF AMERICA
FI,A,DOIJTHNV,XXX,Kongchayasukawut-Siripaiboo,REGIONAL OFFICE,East Kamolchanok,NSWB,FINTG+,ALL,06860 Prayoonhong Via,SHOP 67482,,,East Kamolchanok,TH,POB 365,East Kamolchanok,Thailand
FI,M,PTYCTHX5,XXX,Titipatrayunyong Group,BRANCH,Lake Kodchapornport,BEID,FINSCO,DOC,4877 Pada Port Suite 366,SHOP 7528,,,Lake Kodchapornport,TH,POB 61831,Lake Kodchapornport,Thailand
FI,M,OMYTGBKF,XXX,Wilkinson and Sons,OFFICE,East Antony,NSWB,FINTAS,ALL,"Flat 6
Ahmed stream",,,,East Antony,GB,POB 38,East Antony,GREAT BRITAIN
FI,M,MKROCAU2,XXX,"Joyce, Collins and Morris",OFFICE,Rickyfurt,BEID,FINTGT,PAY,364 Williams Flats,,,,Rickyfurt,CA,POB 69036,Rickyfurt,CANADA
FI,D,PGAOMXCC,XXX,Borrego S.C.,SHOPPING MALL,San Salma los altos,SUPE,FINTAS,CAL,Diagonal República Checa 982 Interior 674,BUILDING 19260,,,San Salma los altos,MX,POB 1595,San Salma los altos,MEXICO
FI,M,OOBIUS87,XXX,Brown-Bailey,BANKING DEPARTMENT,Roblesmouth,BEID,FINSCO,CAL,116 Schwartz Junctions Apt. 655,UNIT 154,,,Roblesmouth,US,POB 554,Roblesmouth,UNITED STATES OF AMERICA
FI,D,VQITCAMG,XXX,Mclaughlin Group,OFFICE,North Christopher,SSPA,FINTG+,ALLBRA,312 Wanda Highway Apt. 375,BUILDING 4612,,,North Christopher,CA,POB 8300,North Christopher,CANADA
FI,M,DHJFMXE3,XXX,Alcántar-Serna,REGIONAL OFFICE,San Julio César de la Montaña,PSPA,FINSCO,DOC,Retorno Campeche 791 Interior 241,BUILDING 178,,,San Julio César de la Montaña,MX,POB 82525,San Julio César de la Montaña,MEXICO
FI,D,UOUSGB7S,XXX,Jones and Sons,BRANCH,Kayfort,SUPE,FIN,ALLBRA,"Studio 80
Danny crescent",,,,Kayfort,GB,POB 3,Kayfort,GREAT BRITAIN
FI,A,BWWWTHDQ,XXX,Tianvarich-Kongsri,INDUSTRIAL ESTATE,West Pornchanokhaven,SSPA,ERPFINTG+,PAY,9712 Sorawut Turnpike Apt. 159,BUILDING 4289,,,West Pornchanokhaven,TH,POB 519,West Pornchanokhaven,Thailand
FI,M,HXIJTHMN,XXX,Intaum-Habpanom,HQ,New Parin,BEID,FINSCO,ADM,03042 Anekvorakul Views,UNIT 79452,,,New Parin,TH,POB 6584,New Parin,Thailand
FI,A,DEXQTHEV,XXX,Suraprasert-Chomsri,BANKING DEPARTMENT,Chaifahview,NSWB,FINSCO,CAL,770 Apisara Isle Suite 319,BUILDING 44351,,,Chaifahview,TH,POB 9593,Chaifahview,Thailand
FI,M,WELUIN4E,XXX,Chacko-Shan,HQ,Karawal Nagar,SSPA,ERPFIN,ADM C4,"23/08, Raju Ganj",SHOP H.No. 053,,,Karawal Nagar,IN,POB H.No. 681,Karawal Nagar,INDIA
FI,M,SUWCUSLQ,XXX,"Moses, Lane and Keller",OFFICE,Toddborough,SSPA,AIMFIN,ALL,815 Butler Roads,,,,Toddborough,US,POB 839,Toddborough,UNITED STATES OF AMERICA
FI,A,XOTITHLZ,XXX,"Prakalpawong, Polauaypon and Phusilarungrueng",REGIONAL OFFICE,West Sarunpornstad,CORP,AIMFINTG+,ADM C4,879 Pakjira Divide Apt. 005,UNIT 446,,,West Sarunpornstad,TH,POB 133,West Sarunpornstad,Thailand
FI,A,OFYXINMQ,XXX,Dhillon-Ravel,BANKING DEPARTMENT,Malda,SSPA,FINTGT,ALLBRA,"698, Khanna Marg",SHOP H.No. 58,,,Malda,IN,POB 48/145,Malda,INDIA
FI,D,MRNSGBPD,XXX,Jones Group,OFFICE,Crossville,PSPA,ERPFINTG+,DOC,91 Storey center,BUILDING 86,,,Crossville,GB,POB 4,Crossville,GREAT BRITAIN
FI,M,UTFIINWB,XXX,Shere-Sawhney,INDUSTRIAL ESTATE,Hosur,CORP,ERPFINTG+,CAL,"H.No. 21
Sastry",BUILDING H.No. 082,,,Hosur,IN,POB 78/980,Hosur,INDIA
FI,M,GQTCUS19,XXX,Barnett LLC,HQ,North Brianside,CORP,FINTG+,ADM,7796 Roberts Highway,UNIT 38209,,,North Brianside,US,POB 52393,North Brianside,UNITED STATES OF AMERICA
FI,D,LUXSTHZE,XXX,Polauaypon and Sons,REGIONAL OFFICE,Chanikanview,SSPA,FINTG+,DOC,91275 Titipatrayunyong Island Apt. 644,,,,Chanikanview,TH,POB 0690,Chanikanview,Thailand
FI,M,FSHVMX4J,XXX,Laboratorios Velázquez-Casares,BANKING DEPARTMENT,Nueva Fiji,NSWB,FINTG+,DOC,Viaducto San Vicente y las Granadinas 727 Interior 709,BUILDING 2147,,,Nueva Fiji,MX,POB 6573,Nueva Fiji,MEXICO
FI,D,XSKVIEL5,XXX,Roe-McColgan,BRANCH,Megan Ville,CORP,ERPFINTG+,BRA,84 Cullen Street,BUILDING 07,,,Megan Ville,IE,POB 85,Megan Ville,IRELAND
FI,D,IMXSIEOS,XXX,"Boylan, Bones and Carley",BRANCH,Ebony Ville,PSPA,AIMFINTG+,ALL,85 Merry Street,SHOP 85,,,Ebony Ville,IE,POB 38,Ebony Ville,IRELAND
FI,D,RPTYUSH5,XXX,Atkinson-Hernandez,BRANCH,West Tracy,SUPE,AIMFIN,DOC,910 Smith Spur Apt. 152,SHOP 9055,,,West Tracy,US,POB 673,West Tracy,UNITED STATES OF AMERICA
FI,A,LUMBUS3R,XXX,Ellis-Cohen,BANKING DEPARTMENT,West Kenneth,SSPA,FINTGT,ADM C4,234 Ashley Drive Suite 344,,,,West Kenneth,US,POB 431,West Kenneth,UNITED STATES OF AMERICA
FI,M,WWGWIE6J,XXX,McMorrow LLC,INDUSTRIAL ESTATE,Travis Ville,SUPE,FINTAS,DOC,58 Hussey Street,SHOP 78,,,Travis Ville,IE,POB 99,Travis Ville,IRELAND
FI,A,FIMRGBBZ,XXX,Bradshaw-Stephenson,REGIONAL OFFICE,Martinborough,SSPA,FINTAS,CAL,0 Owens motorway,UNIT 9,,,Martinborough,GB,POB 307,Martinborough,GREAT BRITAIN
FI,A,VTZHGBV3,XXX,Barlow-Jones,BRANCH,Holmesmouth,SSPA,AIMFINTG+,ADM C4,"Studio 77C
Phillip manor",UNIT 7,,,Holmesmouth,GB,POB 317,Holmesmouth,GREAT BRITAIN
FI,M,OENQCAVU,XXX,Barrett Ltd,HQ,Franklinport,CORP,AIMFINTG+,ADM C4,838 Leslie Groves,BUILDING 043,,,Franklinport,CA,POB 46163,Franklinport,CANADA
FI,A,FWKSINV2,XXX,"Issac, Zachariah and Anand",OFFICE,Kakinada,SSPA,FINTAS,ADM,"H.No. 20, Mandal Chowk",SHOP 435,,,Kakinada,IN,POB H.No. 908,Kakinada,INDIA
FI,M,BGDVTHR9,XXX,"Tianvarich, Anekvorakul and Choeychuen",BANKING DEPARTMENT,Port Ratchanonside,CORP,FIN,ADM C4,0638 Yada Knoll Apt. 958,UNIT 710,,,Port Ratchanonside,TH,POB 2910,Port Ratchanonside,Thailand
FI,A,FAETUSD0,XXX,Ayala-Sanders,BANKING DEPARTMENT,Longton,SUPE,AIMFINTG+,ALL,208 Sarah Way Apt. 775,,,,Longton,US,POB 93692,Longton,UNITED STATES OF AMERICA
FI,M,XDEPGBGI,XXX,Grant Ltd,REGIONAL OFFICE,Sylviamouth,NSWB,FIN,CAL,4 Ian stravenue,,,,Sylviamouth,GB,POB 9,Sylviamouth,GREAT BRITAIN
